series,lecture,writing,math,code,jax,figures,references,links,admonitions,overall,priority
lecture-dp,amss,7.0,4.0,9.5,out-of-scope,6.0,10.0,10.0,10.0,8.1,HIGH
lecture-dp,amss2,8.5,5.5,10.0,out-of-scope,6.0,8.5,10.0,N/A,8.1,LOW
lecture-dp,amss3,8.5,5.5,10.0,out-of-scope,5.5,7.5,10.0,10.0,8.1,LOW
lecture-dp,calvo,6.0,5.5,10.0,out-of-scope,7.0,8.5,8.0,10.0,7.9,LOW
lecture-dp,calvo_abreu,8.0,9.0,9.0,out-of-scope,9.0,8.5,10.0,N/A,8.9,NONE
lecture-dp,calvo_machine_learn,8.0,3.5,7.5,out-of-scope,8.0,10.0,10.0,10.0,8.1,HIGH
lecture-dp,career,8.0,10.0,10.0,out-of-scope,6.5,10.0,10.0,10.0,9.2,NONE
lecture-dp,chang_credible,5.0,10.0,10.0,out-of-scope,9.5,10.0,10.0,N/A,9.1,NONE
lecture-dp,chang_ramsey,6.0,10.0,10.0,out-of-scope,6.0,8.5,10.0,N/A,8.4,LOW
lecture-dp,cons_news,5.5,4.5,10.0,out-of-scope,6.0,10.0,7.5,N/A,7.2,LOW
lecture-dp,cross_product_trick,6.0,3.0,N/A,out-of-scope,N/A,N/A,10.0,N/A,6.3,HIGH
lecture-dp,discrete_dp,8.5,7.0,8.0,out-of-scope,6.0,9.0,7.0,10.0,7.9,LOW
lecture-dp,dyn_stack,8.0,5.0,10.0,out-of-scope,5.0,10.0,7.5,10.0,7.9,LOW
lecture-dp,ifp_advanced,4.5,3.5,7.5,out-of-scope,7.0,8.5,10.0,10.0,7.3,HIGH
lecture-dp,ifp_discrete,7.5,7.5,9.0,out-of-scope,8.5,10.0,10.0,10.0,8.9,NONE
lecture-dp,ifp_egm,5.0,10.0,9.0,out-of-scope,6.5,10.0,10.0,10.0,8.6,NONE
lecture-dp,ifp_egm_transient_shocks,6.0,10.0,9.0,out-of-scope,5.5,9.0,10.0,10.0,8.5,LOW
lecture-dp,ifp_opi,6.5,10.0,8.5,out-of-scope,6.0,N/A,9.0,10.0,8.3,LOW
lecture-dp,intro,10.0,N/A,N/A,out-of-scope,N/A,N/A,10.0,N/A,10.0,NONE
lecture-dp,inventory_q,5.5,6.0,10.0,out-of-scope,6.0,10.0,10.0,N/A,7.9,LOW
lecture-dp,jv,6.0,10.0,10.0,out-of-scope,6.5,9.0,10.0,10.0,8.8,NONE
lecture-dp,lagrangian_lqdp,3.5,3.0,9.5,out-of-scope,N/A,10.0,7.5,10.0,7.2,HIGH
lecture-dp,lq_inventories,5.5,3.0,10.0,out-of-scope,7.0,10.0,10.0,10.0,7.9,HIGH
lecture-dp,lqcontrol,4.0,3.0,10.0,out-of-scope,4.5,10.0,8.0,10.0,7.1,HIGH
lecture-dp,lqramsey,9.0,3.0,10.0,out-of-scope,8.0,10.0,10.0,10.0,8.6,HIGH
lecture-dp,markov_jump_lq,8.5,3.0,10.0,out-of-scope,5.5,8.5,9.0,N/A,7.4,HIGH
lecture-dp,mccall_fitted_vfi,9.0,8.0,10.0,out-of-scope,5.5,9.0,10.0,10.0,8.8,NONE
lecture-dp,mccall_model,4.0,7.5,8.5,out-of-scope,6.0,10.0,8.0,10.0,7.7,HIGH
lecture-dp,mccall_model_with_sep_markov,8.0,10.0,10.0,out-of-scope,5.5,N/A,10.0,10.0,8.9,NONE
lecture-dp,mccall_model_with_separation,9.5,8.5,8.5,out-of-scope,8.5,10.0,10.0,10.0,9.3,NONE
lecture-dp,mccall_persist_trans,10.0,6.5,8.5,out-of-scope,8.0,10.0,10.0,10.0,9.0,NONE
lecture-dp,mccall_q,4.0,10.0,10.0,out-of-scope,7.0,9.0,10.0,N/A,8.3,HIGH
lecture-dp,odu,5.0,10.0,10.0,out-of-scope,5.0,9.0,8.0,10.0,8.1,LOW
lecture-dp,opt_tax_recur,7.0,6.0,10.0,out-of-scope,4.5,9.0,10.0,10.0,8.1,LOW
lecture-dp,os,7.0,10.0,10.0,out-of-scope,8.0,10.0,10.0,10.0,9.3,NONE
lecture-dp,os_egm,7.0,10.0,7.5,out-of-scope,9.0,10.0,10.0,10.0,9.1,NONE
lecture-dp,os_egm_jax,10.0,10.0,7.0,out-of-scope,7.0,N/A,10.0,10.0,9.0,NONE
lecture-dp,os_numerical,6.0,10.0,10.0,out-of-scope,5.5,N/A,10.0,10.0,8.6,NONE
lecture-dp,os_stochastic,4.5,7.5,9.5,out-of-scope,7.5,10.0,8.0,10.0,8.1,LOW
lecture-dp,os_time_iter,7.5,8.0,9.5,out-of-scope,8.0,9.0,10.0,10.0,8.9,NONE
lecture-dp,perm_income,3.5,4.5,10.0,out-of-scope,6.0,8.5,10.0,10.0,7.5,HIGH
lecture-dp,perm_income_cons,4.5,4.5,10.0,out-of-scope,5.5,10.0,9.0,N/A,7.2,LOW
lecture-dp,rs_inventory_q,5.0,6.5,10.0,out-of-scope,5.0,N/A,10.0,N/A,7.3,LOW
lecture-dp,short_path,10.0,10.0,10.0,out-of-scope,8.0,N/A,10.0,10.0,9.7,NONE
lecture-dp,smoothing,6.5,3.0,10.0,out-of-scope,5.0,10.0,7.5,N/A,7.0,HIGH
lecture-dp,smoothing_tax,7.0,6.5,10.0,out-of-scope,4.0,10.0,9.0,10.0,8.1,HIGH
lecture-dp,status,10.0,N/A,N/A,out-of-scope,N/A,N/A,10.0,N/A,10.0,NONE
lecture-dp,tax_smoothing_1,8.5,4.5,9.0,out-of-scope,6.0,7.5,9.0,N/A,7.4,LOW
lecture-dp,tax_smoothing_2,9.0,4.0,10.0,out-of-scope,4.0,8.5,10.0,N/A,7.6,HIGH
lecture-dp,tax_smoothing_3,9.0,9.0,10.0,out-of-scope,5.0,8.5,10.0,N/A,8.6,NONE
lecture-dp,un_insure,8.0,10.0,10.0,out-of-scope,5.5,9.0,10.0,10.0,8.9,NONE
lecture-dp,zreferences,10.0,N/A,N/A,out-of-scope,N/A,N/A,10.0,N/A,10.0,NONE
lecture-python-advanced.myst,BCG_complete_mkts,6.5,8.0,9.5,out-of-scope,6.0,10.0,8.0,10.0,8.3,LOW
lecture-python-advanced.myst,BCG_incomplete_mkts,6.5,8.0,10.0,out-of-scope,4.5,10.0,10.0,N/A,8.2,LOW
lecture-python-advanced.myst,additive_functionals,9.0,4.0,10.0,out-of-scope,3.5,9.0,7.5,10.0,7.6,HIGH
lecture-python-advanced.myst,amss,7.0,4.0,9.5,out-of-scope,6.0,10.0,10.0,10.0,8.1,HIGH
lecture-python-advanced.myst,amss2,8.5,5.5,10.0,out-of-scope,6.0,8.5,10.0,N/A,8.1,LOW
lecture-python-advanced.myst,amss3,8.5,5.5,10.0,out-of-scope,5.5,7.5,10.0,10.0,8.1,LOW
lecture-python-advanced.myst,arellano,9.0,8.5,8.5,out-of-scope,7.0,9.0,10.0,10.0,8.9,NONE
lecture-python-advanced.myst,arma,8.0,7.5,10.0,out-of-scope,6.5,10.0,8.0,N/A,8.3,LOW
lecture-python-advanced.myst,asset_pricing_lph,5.5,3.0,7.0,out-of-scope,7.5,8.5,7.5,10.0,7.0,HIGH
lecture-python-advanced.myst,atkeson_1991,10.0,10.0,9.0,out-of-scope,5.5,10.0,10.0,10.0,9.2,NONE
lecture-python-advanced.myst,black_litterman,5.0,3.0,10.0,out-of-scope,4.0,10.0,8.5,10.0,7.2,HIGH
lecture-python-advanced.myst,cagan_rational_expectations,9.5,3.0,7.5,out-of-scope,5.5,8.5,10.0,10.0,7.7,HIGH
lecture-python-advanced.myst,calvo,6.0,5.5,10.0,out-of-scope,7.0,8.5,8.0,10.0,7.9,LOW
lecture-python-advanced.myst,calvo_abreu,8.0,9.0,9.0,out-of-scope,9.0,8.5,10.0,N/A,8.9,NONE
lecture-python-advanced.myst,calvo_machine_learn,8.0,3.5,7.5,out-of-scope,8.0,10.0,10.0,10.0,8.1,HIGH
lecture-python-advanced.myst,cattle_cycles,9.5,7.0,10.0,out-of-scope,5.0,8.5,10.0,N/A,8.3,LOW
lecture-python-advanced.myst,chang_credible,5.0,10.0,10.0,out-of-scope,9.5,10.0,10.0,N/A,9.1,NONE
lecture-python-advanced.myst,chang_ramsey,6.0,10.0,10.0,out-of-scope,6.0,8.5,10.0,N/A,8.4,LOW
lecture-python-advanced.myst,classical_filtering,6.5,3.5,10.0,out-of-scope,N/A,8.5,8.0,10.0,7.8,HIGH
lecture-python-advanced.myst,coase,7.5,10.0,7.5,out-of-scope,7.0,8.5,10.0,10.0,8.6,NONE
lecture-python-advanced.myst,cons_news,5.5,4.5,10.0,out-of-scope,6.0,10.0,7.5,N/A,7.2,LOW
lecture-python-advanced.myst,discrete_dp,8.5,7.0,8.0,out-of-scope,6.0,9.0,7.0,10.0,7.9,LOW
lecture-python-advanced.myst,doubts_or_variability,7.0,3.0,8.5,out-of-scope,9.0,9.0,10.0,10.0,8.1,HIGH
lecture-python-advanced.myst,dovis_accounting_mf,7.0,4.5,7.0,out-of-scope,4.5,10.0,10.0,10.0,7.6,LOW
lecture-python-advanced.myst,dyn_stack,8.0,5.0,10.0,out-of-scope,5.0,10.0,7.5,10.0,7.9,LOW
lecture-python-advanced.myst,entropy,5.5,3.0,N/A,out-of-scope,7.0,8.5,8.5,N/A,6.5,HIGH
lecture-python-advanced.myst,estspec,7.5,10.0,10.0,out-of-scope,5.0,10.0,10.0,10.0,8.9,NONE
lecture-python-advanced.myst,five_preferences,6.5,6.0,10.0,out-of-scope,4.0,7.0,10.0,N/A,7.2,HIGH
lecture-python-advanced.myst,gorman_heterogeneous_households,4.0,8.5,7.0,out-of-scope,5.0,10.0,10.0,10.0,7.8,HIGH
lecture-python-advanced.myst,growth_in_dles,5.5,7.5,10.0,out-of-scope,7.0,9.0,10.0,N/A,8.2,LOW
lecture-python-advanced.myst,hansen_jagannathan_1991,10.0,5.0,7.0,out-of-scope,9.0,10.0,10.0,10.0,8.7,NONE
lecture-python-advanced.myst,hansen_richard_1987,5.5,5.0,7.0,out-of-scope,9.5,10.0,10.0,10.0,8.1,LOW
lecture-python-advanced.myst,hs_invertibility_example,9.0,7.5,10.0,out-of-scope,5.0,8.5,10.0,N/A,8.3,LOW
lecture-python-advanced.myst,hs_recursive_models,3.0,3.0,N/A,out-of-scope,N/A,8.5,8.0,N/A,5.6,HIGH
lecture-python-advanced.myst,info_projection,8.0,5.5,7.0,out-of-scope,8.0,9.0,10.0,10.0,8.2,LOW
lecture-python-advanced.myst,intro,10.0,N/A,N/A,out-of-scope,N/A,N/A,10.0,N/A,10.0,NONE
lecture-python-advanced.myst,irfs_in_hall_model,6.0,9.0,10.0,out-of-scope,7.0,9.0,10.0,N/A,8.5,LOW
lecture-python-advanced.myst,knowing_forecasts_of_others,4.0,3.0,8.5,out-of-scope,9.0,7.5,8.0,N/A,6.7,HIGH
lecture-python-advanced.myst,lqramsey,9.0,3.0,10.0,out-of-scope,8.0,10.0,10.0,10.0,8.6,HIGH
lecture-python-advanced.myst,lu_tricks,5.0,7.0,10.0,out-of-scope,8.5,10.0,8.0,10.0,8.4,LOW
lecture-python-advanced.myst,lucas_asset_pricing_dles,9.5,4.5,10.0,out-of-scope,7.0,8.5,10.0,N/A,8.2,LOW
lecture-python-advanced.myst,lucas_model,10.0,10.0,10.0,out-of-scope,7.5,10.0,8.0,10.0,9.4,NONE
lecture-python-advanced.myst,markov_jump_lq,8.5,3.0,10.0,out-of-scope,5.5,8.5,9.0,N/A,7.4,HIGH
lecture-python-advanced.myst,match_transport,7.0,10.0,7.0,out-of-scope,3.0,8.5,8.0,N/A,7.2,HIGH
lecture-python-advanced.myst,matsuyama,7.0,10.0,9.0,out-of-scope,6.5,10.0,9.0,10.0,8.8,NONE
lecture-python-advanced.myst,mcmc,10.0,6.0,10.0,out-of-scope,8.0,10.0,10.0,10.0,9.1,NONE
lecture-python-advanced.myst,muth_kalman,8.5,6.5,10.0,out-of-scope,5.5,10.0,9.0,10.0,8.5,LOW
lecture-python-advanced.myst,opt_tax_recur,7.0,6.0,10.0,out-of-scope,4.5,9.0,10.0,10.0,8.1,LOW
lecture-python-advanced.myst,orth_proj,6.0,3.0,10.0,out-of-scope,7.0,10.0,8.0,10.0,7.7,HIGH
lecture-python-advanced.myst,permanent_income_dles,7.0,7.5,10.0,out-of-scope,8.0,8.5,8.0,N/A,8.2,LOW
lecture-python-advanced.myst,repeat_mh,6.0,6.5,9.5,out-of-scope,8.5,10.0,10.0,10.0,8.6,NONE
lecture-python-advanced.myst,risk_aversion_or_mistaken_beliefs,6.5,3.0,9.0,out-of-scope,3.5,10.0,10.0,10.0,7.4,HIGH
lecture-python-advanced.myst,rob_markov_perf,8.0,4.0,8.5,out-of-scope,8.0,9.0,7.5,N/A,7.5,HIGH
lecture-python-advanced.myst,robustness,6.0,3.0,10.0,out-of-scope,6.5,10.0,7.5,10.0,7.6,HIGH
lecture-python-advanced.myst,rosen_schooling_model,7.5,10.0,10.0,out-of-scope,6.0,9.0,10.0,10.0,8.9,NONE
lecture-python-advanced.myst,smoothing,6.5,3.0,10.0,out-of-scope,5.0,10.0,7.5,N/A,7.0,HIGH
lecture-python-advanced.myst,smoothing_tax,7.0,6.5,10.0,out-of-scope,4.0,10.0,9.0,10.0,8.1,HIGH
lecture-python-advanced.myst,stationary_densities,7.0,6.5,10.0,out-of-scope,5.5,9.0,7.5,10.0,7.9,LOW
lecture-python-advanced.myst,status,10.0,N/A,N/A,out-of-scope,N/A,N/A,10.0,N/A,10.0,NONE
lecture-python-advanced.myst,subjective_beliefs_business_cycles,4.5,3.0,8.5,out-of-scope,7.0,9.0,10.0,10.0,7.4,HIGH
lecture-python-advanced.myst,supply_demand_var,10.0,8.5,10.0,out-of-scope,6.0,10.0,10.0,10.0,9.2,NONE
lecture-python-advanced.myst,tax_smoothing_1,8.5,4.5,9.0,out-of-scope,6.0,7.5,9.0,N/A,7.4,LOW
lecture-python-advanced.myst,tax_smoothing_2,9.0,4.0,10.0,out-of-scope,4.0,8.5,10.0,N/A,7.6,HIGH
lecture-python-advanced.myst,tax_smoothing_3,9.0,9.0,10.0,out-of-scope,5.0,8.5,10.0,N/A,8.6,NONE
lecture-python-advanced.myst,troubleshooting,8.5,N/A,N/A,out-of-scope,9.0,N/A,9.0,N/A,8.8,NONE
lecture-python-advanced.myst,tsyrennikov_2013,6.5,6.5,7.0,out-of-scope,5.0,10.0,10.0,10.0,7.9,LOW
lecture-python-advanced.myst,un_insure,8.0,10.0,10.0,out-of-scope,5.5,9.0,10.0,10.0,8.9,NONE
lecture-python-advanced.myst,zreferences,10.0,N/A,N/A,out-of-scope,N/A,N/A,10.0,N/A,10.0,NONE
lecture-python-intro,about,8.0,N/A,N/A,out-of-scope,N/A,N/A,9.0,N/A,8.5,LOW
lecture-python-intro,ar1_processes,7.0,7.5,7.0,out-of-scope,7.0,9.0,10.0,10.0,8.2,LOW
lecture-python-intro,bayes_intro,10.0,10.0,10.0,out-of-scope,5.5,N/A,10.0,10.0,9.2,NONE
lecture-python-intro,bivariate_dist,10.0,5.5,7.0,out-of-scope,5.0,10.0,10.0,10.0,8.2,LOW
lecture-python-intro,business_cycle,8.0,N/A,10.0,out-of-scope,7.0,N/A,10.0,N/A,8.8,NONE
lecture-python-intro,cagan_adaptive,8.5,10.0,10.0,out-of-scope,6.5,9.0,10.0,10.0,9.1,NONE
lecture-python-intro,cagan_ree,7.0,10.0,10.0,out-of-scope,7.0,10.0,10.0,10.0,9.1,NONE
lecture-python-intro,cobweb,10.0,10.0,8.5,out-of-scope,6.5,10.0,10.0,10.0,9.3,NONE
lecture-python-intro,commod_price,10.0,10.0,10.0,out-of-scope,8.0,10.0,10.0,10.0,9.7,NONE
lecture-python-intro,complex_and_trig,4.5,10.0,10.0,out-of-scope,5.5,10.0,10.0,10.0,8.6,NONE
lecture-python-intro,cons_smooth,7.0,10.0,10.0,out-of-scope,6.0,9.0,10.0,10.0,8.9,NONE
lecture-python-intro,eigen_I,6.0,10.0,10.0,out-of-scope,3.5,N/A,10.0,10.0,8.2,HIGH
lecture-python-intro,eigen_II,7.0,10.0,10.0,out-of-scope,N/A,9.0,10.0,10.0,9.3,NONE
lecture-python-intro,equalizing_difference,8.5,8.0,10.0,out-of-scope,5.5,9.0,10.0,10.0,8.7,NONE
lecture-python-intro,fitting_distributions,10.0,10.0,10.0,out-of-scope,8.5,N/A,10.0,10.0,9.8,NONE
lecture-python-intro,french_rev,3.5,10.0,10.0,out-of-scope,3.0,7.5,10.0,10.0,7.7,HIGH
lecture-python-intro,geom_series,5.5,8.5,10.0,out-of-scope,4.0,N/A,10.0,10.0,8.0,HIGH
lecture-python-intro,greek_square,6.0,8.0,10.0,out-of-scope,6.5,9.0,10.0,10.0,8.5,LOW
lecture-python-intro,heavy_tails,7.5,5.5,7.5,out-of-scope,5.0,10.0,9.0,10.0,7.8,LOW
lecture-python-intro,inequality,5.5,9.0,9.5,out-of-scope,5.0,10.0,10.0,10.0,8.4,LOW
lecture-python-intro,inflation_history,5.5,10.0,8.0,out-of-scope,4.5,8.5,10.0,10.0,8.1,LOW
lecture-python-intro,input_output,9.0,10.0,10.0,out-of-scope,6.0,8.5,10.0,10.0,9.1,NONE
lecture-python-intro,intro,10.0,N/A,N/A,out-of-scope,N/A,N/A,10.0,N/A,10.0,NONE
lecture-python-intro,intro_supply_demand,7.5,10.0,10.0,out-of-scope,6.5,N/A,8.0,10.0,8.7,NONE
lecture-python-intro,laffer_adaptive,8.0,10.0,10.0,out-of-scope,6.0,8.5,10.0,10.0,8.9,NONE
lecture-python-intro,lake_model,8.5,10.0,10.0,out-of-scope,5.5,N/A,10.0,10.0,9.0,NONE
lecture-python-intro,linear_equations,9.0,6.5,10.0,out-of-scope,6.0,N/A,7.5,10.0,8.2,LOW
lecture-python-intro,lln_clt,10.0,4.5,10.0,out-of-scope,8.0,N/A,9.0,10.0,8.6,NONE
lecture-python-intro,long_run_growth,7.5,N/A,10.0,out-of-scope,6.0,8.5,10.0,10.0,8.7,NONE
lecture-python-intro,lp_intro,6.0,6.5,10.0,out-of-scope,8.5,10.0,10.0,10.0,8.7,NONE
lecture-python-intro,markov_chains_I,8.0,3.0,9.5,out-of-scope,7.5,9.0,9.0,10.0,8.0,HIGH
lecture-python-intro,markov_chains_II,9.0,10.0,10.0,out-of-scope,6.5,8.5,10.0,10.0,9.1,NONE
lecture-python-intro,mle,7.5,10.0,10.0,out-of-scope,7.5,N/A,10.0,10.0,9.2,NONE
lecture-python-intro,mobility,8.0,6.5,10.0,out-of-scope,7.5,7.0,10.0,10.0,8.4,LOW
lecture-python-intro,money_inflation,7.0,10.0,10.0,out-of-scope,6.0,10.0,10.0,10.0,9.0,NONE
lecture-python-intro,money_inflation_nonlinear,4.5,10.0,8.5,out-of-scope,6.5,10.0,10.0,10.0,8.5,LOW
lecture-python-intro,monte_carlo,9.5,5.5,9.0,out-of-scope,8.0,N/A,10.0,10.0,8.7,NONE
lecture-python-intro,msy_fishery,7.5,10.0,8.5,out-of-scope,6.5,10.0,10.0,10.0,8.9,NONE
lecture-python-intro,networks,6.0,6.5,10.0,out-of-scope,5.0,8.5,10.0,10.0,8.0,LOW
lecture-python-intro,observed_distributions,8.5,10.0,10.0,out-of-scope,7.0,10.0,10.0,10.0,9.4,NONE
lecture-python-intro,olg,9.5,10.0,10.0,out-of-scope,6.5,10.0,8.0,10.0,9.1,NONE
lecture-python-intro,prob_dist,9.5,7.5,10.0,out-of-scope,8.5,N/A,10.0,10.0,9.2,NONE
lecture-python-intro,pv,7.0,10.0,10.0,out-of-scope,7.0,N/A,10.0,10.0,9.0,NONE
lecture-python-intro,scalar_dynam,7.5,10.0,8.5,out-of-scope,8.5,N/A,10.0,10.0,9.1,NONE
lecture-python-intro,schelling,8.0,10.0,10.0,out-of-scope,9.0,10.0,9.0,10.0,9.4,NONE
lecture-python-intro,short_path,10.0,10.0,10.0,out-of-scope,8.0,N/A,10.0,10.0,9.7,NONE
lecture-python-intro,simple_linear_regression,7.5,9.0,10.0,out-of-scope,6.5,N/A,10.0,9.5,8.8,NONE
lecture-python-intro,solow,6.5,8.5,10.0,out-of-scope,8.0,N/A,10.0,10.0,8.8,NONE
lecture-python-intro,status,10.0,N/A,N/A,out-of-scope,N/A,N/A,10.0,N/A,10.0,NONE
lecture-python-intro,supply_demand_heterogeneity,9.0,10.0,8.5,out-of-scope,N/A,N/A,10.0,10.0,9.5,NONE
lecture-python-intro,supply_demand_multiple_goods,7.5,10.0,8.5,out-of-scope,7.5,N/A,10.0,10.0,8.9,NONE
lecture-python-intro,tax_smooth,6.0,10.0,8.5,out-of-scope,6.0,10.0,10.0,10.0,8.6,NONE
lecture-python-intro,time_series_with_matrices,5.0,6.5,10.0,out-of-scope,7.0,10.0,8.0,10.0,8.1,LOW
lecture-python-intro,troubleshooting,8.5,N/A,N/A,out-of-scope,9.0,N/A,9.0,N/A,8.8,NONE
lecture-python-intro,unpleasant,5.5,8.5,10.0,out-of-scope,6.0,10.0,10.0,10.0,8.6,NONE
lecture-python-intro,zreferences,10.0,N/A,N/A,out-of-scope,N/A,N/A,10.0,N/A,10.0,NONE
lecture-python-programming,about_py,4.5,N/A,10.0,out-of-scope,7.5,N/A,8.0,N/A,7.5,LOW
lecture-python-programming,autodiff,8.0,7.5,10.0,out-of-scope,6.5,N/A,10.0,10.0,8.7,NONE
lecture-python-programming,debugging,5.0,10.0,10.0,out-of-scope,9.0,N/A,10.0,10.0,9.0,NONE
lecture-python-programming,functions,5.0,10.0,10.0,out-of-scope,7.5,N/A,10.0,10.0,8.8,NONE
lecture-python-programming,getting_started,5.0,N/A,10.0,out-of-scope,7.0,N/A,10.0,10.0,8.4,LOW
lecture-python-programming,intro,10.0,N/A,N/A,out-of-scope,N/A,N/A,10.0,N/A,10.0,NONE
lecture-python-programming,jax_intro,4.5,N/A,10.0,out-of-scope,7.0,N/A,10.0,10.0,8.3,LOW
lecture-python-programming,matplotlib,5.5,10.0,9.0,out-of-scope,4.5,N/A,10.0,10.0,8.2,LOW
lecture-python-programming,names,6.0,N/A,10.0,out-of-scope,7.0,N/A,10.0,10.0,8.6,NONE
lecture-python-programming,need_for_speed,4.0,N/A,10.0,out-of-scope,8.5,N/A,10.0,10.0,8.5,HIGH
lecture-python-programming,numba,4.5,7.5,10.0,out-of-scope,7.5,N/A,9.0,10.0,8.1,LOW
lecture-python-programming,numpy,3.5,8.5,9.0,out-of-scope,7.0,N/A,10.0,10.0,8.0,HIGH
lecture-python-programming,numpy_vs_numba_vs_jax,5.5,10.0,10.0,out-of-scope,8.5,N/A,10.0,10.0,9.0,NONE
lecture-python-programming,oop_intro,7.0,N/A,10.0,out-of-scope,N/A,N/A,10.0,10.0,9.2,NONE
lecture-python-programming,pandas,4.5,N/A,10.0,out-of-scope,6.5,N/A,10.0,10.0,8.2,LOW
lecture-python-programming,pandas_panel,6.5,N/A,10.0,out-of-scope,4.5,N/A,10.0,10.0,8.2,LOW
lecture-python-programming,polars,6.5,N/A,9.0,out-of-scope,7.0,N/A,10.0,10.0,8.5,LOW
lecture-python-programming,python_advanced_features,7.5,N/A,10.0,out-of-scope,9.0,N/A,10.0,10.0,9.3,NONE
lecture-python-programming,python_by_example,4.0,9.0,10.0,out-of-scope,6.5,N/A,10.0,7.5,7.8,HIGH
lecture-python-programming,python_essentials,3.5,10.0,10.0,out-of-scope,N/A,N/A,10.0,10.0,8.7,HIGH
lecture-python-programming,python_oop,4.0,10.0,10.0,out-of-scope,8.0,N/A,10.0,10.0,8.7,HIGH
lecture-python-programming,scipy,4.5,7.5,10.0,out-of-scope,8.0,N/A,10.0,10.0,8.3,LOW
lecture-python-programming,status,10.0,N/A,9.0,out-of-scope,N/A,N/A,10.0,N/A,9.7,NONE
lecture-python-programming,sympy,7.5,8.0,10.0,out-of-scope,10.0,N/A,8.0,10.0,8.9,NONE
lecture-python-programming,troubleshooting,6.0,N/A,N/A,out-of-scope,9.0,N/A,10.0,N/A,8.3,LOW
lecture-python-programming,workspace,7.0,N/A,10.0,out-of-scope,5.5,N/A,10.0,10.0,8.5,LOW
lecture-python-programming,writing_good_code,4.5,10.0,10.0,out-of-scope,7.5,N/A,10.0,10.0,8.7,NONE
lecture-python.myst,affine_risk_prices,7.0,4.0,10.0,out-of-scope,5.5,9.0,10.0,10.0,7.9,HIGH
lecture-python.myst,aiyagari,6.5,8.5,10.0,out-of-scope,7.0,10.0,9.0,10.0,8.7,NONE
lecture-python.myst,aiyagari_egm,5.5,8.5,10.0,out-of-scope,5.5,9.0,10.0,10.0,8.4,LOW
lecture-python.myst,ak2,6.5,10.0,10.0,out-of-scope,5.0,10.0,10.0,10.0,8.8,NONE
lecture-python.myst,ak_aiyagari,8.5,10.0,9.5,out-of-scope,4.0,8.5,10.0,N/A,8.4,HIGH
lecture-python.myst,ar1_bayes,10.0,10.0,10.0,out-of-scope,8.0,10.0,8.0,10.0,9.4,NONE
lecture-python.myst,ar1_turningpts,4.5,8.0,10.0,out-of-scope,8.0,9.0,10.0,N/A,8.2,LOW
lecture-python.myst,back_prop,4.5,7.5,9.5,out-of-scope,9.0,N/A,10.0,10.0,8.4,LOW
lecture-python.myst,bayes_nonconj,8.0,10.0,10.0,out-of-scope,6.5,N/A,9.0,10.0,8.9,NONE
lecture-python.myst,blackwell_kihlstrom,5.5,3.5,10.0,out-of-scope,7.5,9.0,10.0,10.0,7.9,HIGH
lecture-python.myst,bounded_rationality,9.5,10.0,10.0,out-of-scope,6.5,10.0,10.0,10.0,9.4,NONE
lecture-python.myst,career,8.0,10.0,10.0,out-of-scope,6.5,10.0,10.0,10.0,9.2,NONE
lecture-python.myst,cass_fiscal,3.5,9.0,9.0,out-of-scope,4.0,10.0,10.0,10.0,7.9,HIGH
lecture-python.myst,cass_fiscal_2,6.0,10.0,9.0,out-of-scope,5.5,10.0,10.0,10.0,8.6,NONE
lecture-python.myst,cass_koopmans_1,4.5,10.0,10.0,out-of-scope,6.0,10.0,9.0,10.0,8.5,LOW
lecture-python.myst,cass_koopmans_2,4.5,10.0,10.0,out-of-scope,6.0,10.0,7.0,10.0,8.2,LOW
lecture-python.myst,chow_business_cycles,9.0,6.5,10.0,out-of-scope,6.5,10.0,10.0,10.0,8.9,NONE
lecture-python.myst,cross_product_trick,6.0,3.0,N/A,out-of-scope,N/A,N/A,10.0,N/A,6.3,HIGH
lecture-python.myst,divergence_measures,7.0,6.5,10.0,out-of-scope,6.5,10.0,10.0,10.0,8.6,NONE
lecture-python.myst,eig_circulant,5.5,8.0,10.0,out-of-scope,7.0,N/A,10.0,10.0,8.4,LOW
lecture-python.myst,endogenous_lake,7.5,7.5,10.0,out-of-scope,6.0,10.0,10.0,10.0,8.7,NONE
lecture-python.myst,exchange_rate_learning,10.0,10.0,10.0,out-of-scope,5.5,10.0,10.0,10.0,9.4,NONE
lecture-python.myst,exchangeable,6.0,7.5,10.0,out-of-scope,7.5,10.0,10.0,10.0,8.7,NONE
lecture-python.myst,finite_markov,3.0,3.5,9.5,out-of-scope,6.5,10.0,9.0,10.0,7.4,HIGH
lecture-python.myst,ge_arrow,3.0,3.0,10.0,out-of-scope,7.5,10.0,10.0,10.0,7.6,HIGH
lecture-python.myst,genetic_classifier,10.0,10.0,10.0,out-of-scope,7.0,10.0,10.0,10.0,9.6,NONE
lecture-python.myst,hansen_singleton_1982,8.0,5.5,7.0,out-of-scope,9.5,10.0,10.0,10.0,8.6,NONE
lecture-python.myst,hansen_singleton_1983,7.5,3.0,8.5,out-of-scope,9.5,10.0,10.0,N/A,8.1,HIGH
lecture-python.myst,harrison_kreps,8.0,8.5,10.0,out-of-scope,N/A,10.0,10.0,10.0,9.4,NONE
lecture-python.myst,hoist_failure,7.5,7.5,10.0,out-of-scope,8.0,10.0,10.0,10.0,9.0,NONE
lecture-python.myst,house_auction,3.0,10.0,10.0,out-of-scope,N/A,10.0,10.0,10.0,8.8,HIGH
lecture-python.myst,ifp_advanced,4.5,3.5,8.5,out-of-scope,7.0,8.5,10.0,10.0,7.4,HIGH
lecture-python.myst,ifp_discrete,7.5,7.5,9.0,out-of-scope,8.5,10.0,10.0,10.0,8.9,NONE
lecture-python.myst,ifp_egm,5.0,10.0,9.0,out-of-scope,6.5,10.0,10.0,10.0,8.6,NONE
lecture-python.myst,ifp_egm_transient_shocks,6.0,10.0,9.0,out-of-scope,5.5,9.0,10.0,10.0,8.5,LOW
lecture-python.myst,ifp_opi,6.5,10.0,8.5,out-of-scope,6.0,N/A,9.0,10.0,8.3,LOW
lecture-python.myst,imp_sample,8.0,5.0,10.0,out-of-scope,8.5,N/A,10.0,N/A,8.3,LOW
lecture-python.myst,information_market_equilibrium,7.0,6.0,10.0,out-of-scope,7.5,10.0,10.0,10.0,8.6,NONE
lecture-python.myst,intro,10.0,N/A,N/A,out-of-scope,N/A,N/A,10.0,N/A,10.0,NONE
lecture-python.myst,inventory_dynamics,9.0,10.0,9.5,out-of-scope,7.0,10.0,10.0,10.0,9.4,NONE
lecture-python.myst,inventory_q,5.5,6.0,10.0,out-of-scope,6.0,10.0,10.0,N/A,7.9,LOW
lecture-python.myst,jv,6.0,10.0,10.0,out-of-scope,6.5,9.0,10.0,10.0,8.8,NONE
lecture-python.myst,kalman,9.0,4.5,10.0,out-of-scope,7.0,9.0,10.0,10.0,8.5,LOW
lecture-python.myst,kalman_2,9.0,7.5,10.0,out-of-scope,4.5,N/A,10.0,N/A,8.2,LOW
lecture-python.myst,kalman_filter_var,10.0,8.0,7.0,out-of-scope,6.5,10.0,10.0,10.0,8.8,NONE
lecture-python.myst,kesten_processes,7.5,5.5,10.0,out-of-scope,8.0,10.0,10.0,10.0,8.7,NONE
lecture-python.myst,lagrangian_lqdp,3.5,3.0,9.5,out-of-scope,N/A,10.0,7.5,10.0,7.2,HIGH
lecture-python.myst,lake_model,9.0,6.5,10.0,out-of-scope,5.5,10.0,10.0,10.0,8.7,NONE
lecture-python.myst,learning_approximation,10.0,8.5,7.5,out-of-scope,6.5,10.0,10.0,10.0,8.9,NONE
lecture-python.myst,likelihood_bayes,8.5,5.0,10.0,out-of-scope,7.5,10.0,10.0,10.0,8.7,NONE
lecture-python.myst,likelihood_ratio_process,4.5,3.5,9.0,out-of-scope,3.5,10.0,10.0,10.0,7.2,HIGH
lecture-python.myst,likelihood_ratio_process_2,5.5,10.0,10.0,out-of-scope,4.0,7.5,10.0,10.0,8.1,HIGH
lecture-python.myst,likelihood_var,8.0,3.5,10.0,out-of-scope,5.0,N/A,10.0,N/A,7.3,HIGH
lecture-python.myst,linear_algebra,3.0,5.0,10.0,out-of-scope,5.5,10.0,7.5,10.0,7.3,HIGH
lecture-python.myst,linear_models,3.0,3.0,7.5,out-of-scope,8.0,N/A,9.0,10.0,6.8,HIGH
lecture-python.myst,lln_clt,7.0,3.0,8.5,out-of-scope,7.0,10.0,10.0,10.0,7.9,HIGH
lecture-python.myst,long_run_risk_operator,5.0,7.5,10.0,out-of-scope,6.5,10.0,10.0,10.0,8.4,LOW
lecture-python.myst,lq_bewley_complete_markets,9.5,10.0,10.0,out-of-scope,6.0,10.0,10.0,10.0,9.4,NONE
lecture-python.myst,lq_inventories,5.5,3.0,10.0,out-of-scope,7.0,10.0,10.0,10.0,7.9,HIGH
lecture-python.myst,lq_permanent_income,9.5,7.5,10.0,out-of-scope,6.5,10.0,10.0,10.0,9.1,NONE
lecture-python.myst,lq_robust_bewley,10.0,5.5,10.0,out-of-scope,7.5,10.0,10.0,10.0,9.0,NONE
lecture-python.myst,lq_robust_smoothing,10.0,7.5,10.0,out-of-scope,7.5,10.0,10.0,10.0,9.3,NONE
lecture-python.myst,lqcontrol,8.0,5.5,10.0,out-of-scope,5.5,10.0,10.0,10.0,8.4,LOW
lecture-python.myst,ls_learning,10.0,6.5,10.0,out-of-scope,6.5,10.0,10.0,10.0,9.0,NONE
lecture-python.myst,marimon_mcgrattan_sargent,7.5,10.0,8.5,out-of-scope,7.5,8.5,10.0,10.0,8.9,NONE
lecture-python.myst,market_diffusion,10.0,7.5,7.0,out-of-scope,8.0,10.0,10.0,10.0,8.9,NONE
lecture-python.myst,markov_asset,4.0,4.5,10.0,out-of-scope,6.5,8.5,8.0,10.0,7.4,HIGH
lecture-python.myst,markov_perf,5.5,5.0,8.5,out-of-scope,6.0,10.0,10.0,10.0,7.9,LOW
lecture-python.myst,mccall_fitted_vfi,9.0,8.0,10.0,out-of-scope,5.5,9.0,10.0,10.0,8.8,NONE
lecture-python.myst,mccall_model,4.0,7.5,8.5,out-of-scope,6.0,10.0,8.0,10.0,7.7,HIGH
lecture-python.myst,mccall_model_with_sep_markov,8.0,10.0,10.0,out-of-scope,5.5,N/A,10.0,10.0,8.9,NONE
lecture-python.myst,mccall_model_with_separation,9.5,8.5,8.5,out-of-scope,8.5,10.0,10.0,10.0,9.3,NONE
lecture-python.myst,mccall_persist_trans,10.0,6.5,8.5,out-of-scope,8.0,10.0,10.0,10.0,9.0,NONE
lecture-python.myst,mccall_q,7.0,10.0,10.0,out-of-scope,7.0,9.0,10.0,N/A,8.8,NONE
lecture-python.myst,mccall_risk,10.0,6.5,7.5,out-of-scope,7.0,N/A,10.0,10.0,8.5,LOW
lecture-python.myst,measurement_models,4.5,4.5,7.5,out-of-scope,9.5,10.0,10.0,10.0,8.0,LOW
lecture-python.myst,merging_of_opinions,6.0,8.0,10.0,out-of-scope,7.5,9.0,10.0,10.0,8.6,NONE
lecture-python.myst,misspecified_recovery,6.0,3.0,7.0,out-of-scope,6.5,10.0,10.0,10.0,7.5,HIGH
lecture-python.myst,mix_model,10.0,10.0,9.0,out-of-scope,7.0,N/A,10.0,10.0,9.3,NONE
lecture-python.myst,mle,7.0,3.0,10.0,out-of-scope,5.5,10.0,10.0,10.0,7.9,HIGH
lecture-python.myst,morris_learn,5.0,10.0,10.0,out-of-scope,10.0,8.5,10.0,10.0,9.1,NONE
lecture-python.myst,multi_hyper,6.5,7.5,10.0,out-of-scope,7.0,N/A,10.0,N/A,8.2,LOW
lecture-python.myst,multivariate_normal,5.5,3.0,10.0,out-of-scope,5.5,N/A,10.0,10.0,7.3,HIGH
lecture-python.myst,navy_captain,4.5,7.5,10.0,out-of-scope,3.0,N/A,10.0,N/A,7.0,HIGH
lecture-python.myst,newton_method,7.0,10.0,9.0,out-of-scope,6.0,N/A,10.0,10.0,8.7,NONE
lecture-python.myst,odu,5.0,10.0,10.0,out-of-scope,5.0,9.0,8.5,10.0,8.2,LOW
lecture-python.myst,olg_adaptive_money,7.0,8.5,8.5,out-of-scope,6.0,10.0,10.0,10.0,8.6,NONE
lecture-python.myst,ols,7.5,7.5,10.0,out-of-scope,5.0,7.5,9.0,10.0,8.1,LOW
lecture-python.myst,opt_transport,4.5,3.0,9.0,out-of-scope,8.0,10.0,10.0,10.0,7.8,HIGH
lecture-python.myst,organization_capital,7.5,7.5,10.0,out-of-scope,9.0,10.0,10.0,10.0,9.1,NONE
lecture-python.myst,os,7.0,10.0,10.0,out-of-scope,8.0,10.0,10.0,10.0,9.3,NONE
lecture-python.myst,os_egm,7.0,10.0,8.5,out-of-scope,9.0,10.0,10.0,10.0,9.2,NONE
lecture-python.myst,os_egm_jax,10.0,10.0,7.5,out-of-scope,7.0,N/A,10.0,10.0,9.1,NONE
lecture-python.myst,os_numerical,6.0,10.0,10.0,out-of-scope,5.5,N/A,10.0,10.0,8.6,NONE
lecture-python.myst,os_stochastic,4.5,7.5,9.5,out-of-scope,7.5,10.0,8.0,10.0,8.1,LOW
lecture-python.myst,os_time_iter,7.5,8.0,9.5,out-of-scope,8.0,9.0,10.0,10.0,8.9,NONE
lecture-python.myst,pandas_panel,6.5,N/A,10.0,out-of-scope,4.5,N/A,9.0,10.0,8.0,LOW
lecture-python.myst,perm_income,3.5,4.5,10.0,out-of-scope,6.0,8.5,10.0,10.0,7.5,HIGH
lecture-python.myst,perm_income_cons,4.5,4.5,10.0,out-of-scope,5.5,10.0,9.0,N/A,7.2,LOW
lecture-python.myst,phillips_adaptive,10.0,10.0,10.0,out-of-scope,6.5,8.5,10.0,10.0,9.3,NONE
lecture-python.myst,phillips_credibility,9.0,10.0,10.0,out-of-scope,7.0,8.5,10.0,10.0,9.2,NONE
lecture-python.myst,phillips_credible_policies,10.0,10.0,10.0,out-of-scope,6.0,10.0,9.0,10.0,9.3,NONE
lecture-python.myst,phillips_drifts_volatilities,7.0,10.0,9.5,out-of-scope,4.5,10.0,10.0,10.0,8.7,NONE
lecture-python.myst,phillips_escaping_nash,9.0,10.0,10.0,out-of-scope,4.5,7.5,10.0,10.0,8.7,NONE
lecture-python.myst,phillips_learning,9.0,8.5,10.0,out-of-scope,6.0,7.0,10.0,10.0,8.6,NONE
lecture-python.myst,phillips_lost_conquest,6.5,6.5,10.0,out-of-scope,4.5,7.5,10.0,10.0,7.9,LOW
lecture-python.myst,phillips_misspecified,10.0,10.0,10.0,out-of-scope,6.5,8.5,10.0,10.0,9.3,NONE
lecture-python.myst,phillips_priors,9.0,7.5,10.0,out-of-scope,5.5,7.0,10.0,10.0,8.4,LOW
lecture-python.myst,phillips_self_confirming,10.0,7.5,10.0,out-of-scope,6.0,10.0,10.0,10.0,9.1,NONE
lecture-python.myst,phillips_two_stories,5.5,10.0,10.0,out-of-scope,5.0,7.5,10.0,10.0,8.3,LOW
lecture-python.myst,pricing_information,10.0,5.5,7.0,out-of-scope,6.0,10.0,10.0,10.0,8.4,LOW
lecture-python.myst,prob_matrix,5.0,3.0,7.5,out-of-scope,5.0,N/A,10.0,10.0,6.8,HIGH
lecture-python.myst,prob_meaning,3.5,7.5,7.5,out-of-scope,4.5,N/A,10.0,10.0,7.2,HIGH
lecture-python.myst,prospects_bounded_rationality,10.0,10.0,9.0,out-of-scope,8.5,10.0,10.0,N/A,9.6,NONE
lecture-python.myst,qr_decomp,5.5,3.0,10.0,out-of-scope,N/A,N/A,10.0,N/A,7.1,HIGH
lecture-python.myst,rand_resp,6.5,10.0,10.0,out-of-scope,N/A,10.0,10.0,N/A,9.3,NONE
lecture-python.myst,rational_expectations,7.0,5.5,10.0,out-of-scope,10.0,9.0,10.0,10.0,8.8,NONE
lecture-python.myst,rational_learning_re,10.0,8.5,8.5,out-of-scope,7.0,10.0,10.0,10.0,9.1,NONE
lecture-python.myst,re_with_feedback,3.5,9.0,10.0,out-of-scope,6.0,10.0,10.0,10.0,8.4,HIGH
lecture-python.myst,robust_permanent_income,7.5,10.0,7.5,out-of-scope,6.0,10.0,10.0,10.0,8.7,NONE
lecture-python.myst,ross_recovery,6.5,5.5,8.5,out-of-scope,6.0,10.0,10.0,10.0,8.1,LOW
lecture-python.myst,rs_inventory_q,5.0,6.5,10.0,out-of-scope,5.0,N/A,10.0,N/A,7.3,LOW
lecture-python.myst,samuelson,9.5,10.0,10.0,out-of-scope,5.0,8.5,8.0,N/A,8.5,LOW
lecture-python.myst,sargent_surico,9.5,5.5,6.0,out-of-scope,4.0,10.0,10.0,10.0,7.9,HIGH
lecture-python.myst,sir_model,6.5,8.0,10.0,out-of-scope,8.5,N/A,10.0,N/A,8.6,NONE
lecture-python.myst,stats_examples,6.5,5.5,9.0,out-of-scope,7.0,N/A,10.0,10.0,8.0,LOW
lecture-python.myst,status,10.0,N/A,9.0,out-of-scope,N/A,N/A,10.0,N/A,9.7,NONE
lecture-python.myst,survival_recursive_preferences,9.0,10.0,10.0,out-of-scope,4.5,10.0,10.0,10.0,9.1,NONE
lecture-python.myst,svd_intro,3.0,10.0,10.0,out-of-scope,6.5,N/A,10.0,10.0,8.2,HIGH
lecture-python.myst,theil_1,9.0,7.5,10.0,out-of-scope,6.5,10.0,10.0,10.0,9.0,NONE
lecture-python.myst,theil_2,7.5,8.0,7.5,out-of-scope,8.5,10.0,10.0,10.0,8.8,NONE
lecture-python.myst,troubleshooting,6.0,N/A,N/A,out-of-scope,9.0,N/A,9.0,N/A,8.0,LOW
lecture-python.myst,two_auctions,6.0,5.5,8.5,out-of-scope,3.0,10.0,9.0,N/A,7.0,HIGH
lecture-python.myst,two_computation,9.0,3.0,7.5,out-of-scope,3.0,10.0,10.0,N/A,7.1,HIGH
lecture-python.myst,uncertainty_traps,5.5,6.0,10.0,out-of-scope,6.5,9.0,10.0,10.0,8.1,LOW
lecture-python.myst,unemployment_linear,9.0,8.5,10.0,out-of-scope,8.5,9.0,10.0,10.0,9.3,NONE
lecture-python.myst,unemployment_shocks,10.0,10.0,9.0,out-of-scope,10.0,N/A,10.0,10.0,9.8,NONE
lecture-python.myst,util_rand_resp,9.0,5.0,10.0,out-of-scope,9.5,9.0,10.0,N/A,8.8,NONE
lecture-python.myst,var_dmd,3.0,10.0,N/A,out-of-scope,N/A,7.5,9.0,10.0,7.9,HIGH
lecture-python.myst,var_subsets,8.0,7.0,7.0,out-of-scope,5.0,N/A,10.0,10.0,7.8,LOW
lecture-python.myst,von_neumann_model,3.0,5.5,10.0,out-of-scope,7.0,8.5,10.0,10.0,7.7,HIGH
lecture-python.myst,wald_friedman,5.0,9.0,10.0,out-of-scope,4.5,10.0,9.0,10.0,8.2,LOW
lecture-python.myst,wald_friedman_2,3.0,6.5,10.0,out-of-scope,5.0,9.0,8.5,10.0,7.4,HIGH
lecture-python.myst,wealth_dynamics,4.5,10.0,9.5,out-of-scope,6.5,10.0,10.0,10.0,8.6,NONE
lecture-python.myst,zreferences,10.0,N/A,N/A,out-of-scope,N/A,N/A,10.0,N/A,10.0,NONE
