series,lecture,blob
lecture-dp,amss,b386729c3a8b33bc22ec0a94ef3ba115c0690469
lecture-dp,amss2,ef61b0dca25eaeaf8eba5f33bbd3bdff128d6528
lecture-dp,amss3,4a2b1a1aa3612a5610c9d0f7a0770a98b548ef27
lecture-dp,calvo,49d01b297f01a89bbb51e9eced7a8598afbae42a
lecture-dp,calvo_abreu,3d78bafc554f343f8d3dc00b0e1b0808b8786302
lecture-dp,calvo_machine_learn,ef41a369fb543274c178f3780abb6723a0caac8c
lecture-dp,career,c8fed126871680b3a0fdce2383fd7ea15c3eefc5
lecture-dp,chang_credible,7d37c2a8df6c5ba00f9e60a1fef13af9497f30f7
lecture-dp,chang_ramsey,97571036408c7388a372246ba980430247cf7ea6
lecture-dp,cons_news,2ac551ca1647bb63d557d402ee4aaa51eb022f70
lecture-dp,cross_product_trick,7824c6c3acc8652a67c20f382a1eb470391c2b4a
lecture-dp,discrete_dp,845cbaed0a389f806e95d7f951f6ce8126fa7f52
lecture-dp,dyn_stack,40aa128bc51d835e41f4906fdf8cb32c4b80cdb6
lecture-dp,ifp_advanced,f6df09b2748f7be8b513bcf4482b04a53119335e
lecture-dp,ifp_discrete,f6d91bdaf3c94e855b7db8f9aa64d91e8d4d078a
lecture-dp,ifp_egm,cd3aff3d20c56a4488cf13874fd4994a82486907
lecture-dp,ifp_egm_transient_shocks,77f5c3690b009f9f279bb883448fbc7820ca7f44
lecture-dp,ifp_opi,d1e67328a81b619e5dc5b3575799c5277a1e6e4b
lecture-dp,intro,f6222ea438821dd39ea63eb8f651dd6076a6d649
lecture-dp,inventory_q,9095b572730446cb69fc9a088bb66180f825b0cd
lecture-dp,jv,bd41ece9dc4a672a4909a9d2a4fa5e356f179087
lecture-dp,lagrangian_lqdp,b5cadd1f6b1323ef9d25db14682652dcb9728ddc
lecture-dp,lq_inventories,e9b23aef9b8cd3372187f75aefef3b7dbd57d046
lecture-dp,lqcontrol,3610065f629241c8b6c4acebd97354c9a925a0bd
lecture-dp,lqramsey,74705df385c8fadcc9ffdabe5978ac5504c980c5
lecture-dp,markov_jump_lq,92c27dccc44b4f2deb5bd680803848a371495592
lecture-dp,mccall_fitted_vfi,34068d00bd5a647be850a6c945e6819e60eab657
lecture-dp,mccall_model,df0b2d8c2b23991ab2f13d606c76375cc9e1d0d4
lecture-dp,mccall_model_with_sep_markov,cae28dae413ef46dd52d6d8fd23e9080b9a70e2b
lecture-dp,mccall_model_with_separation,fc39e1b5135551e27a8bedb94a7539562b024cf2
lecture-dp,mccall_persist_trans,9cf4b3dca2ef930ee4a8454c5f6437beb2a88a4a
lecture-dp,mccall_q,79950a097348a34faabeecc3327c161d0a70855d
lecture-dp,odu,c62519468fa785336e6627150b519d608b3653e2
lecture-dp,opt_tax_recur,9f43db1ec04b22569a73ad3da2d793d392afc95e
lecture-dp,os,8c6491330cdee34c4dbf8427e00c0b2d901fed74
lecture-dp,os_egm,f961cf4914771a4b7d0087bfce97ab54a62ef8a4
lecture-dp,os_egm_jax,ad4460ceb57bd52d38ffddc39e222478ca899efb
lecture-dp,os_numerical,b20769f1170610cb45ad88f62fd99325312424b5
lecture-dp,os_stochastic,204568e68d90f4b94ee02e88fbdb840aa47e68ff
lecture-dp,os_time_iter,f2205e78dbe6aa06b0934449a8863a7f4c503289
lecture-dp,perm_income,b33a1f19b987d8c849c6193a15bd087aec6a5e6f
lecture-dp,perm_income_cons,5c8a5c5565550777a683a8ec1f14ed97b63b0b00
lecture-dp,rs_inventory_q,0a65a44c75b5a8dad5585fb0dead879ef6c63624
lecture-dp,short_path,ce547ef17867aaaa496f76e143244e30a21d5983
lecture-dp,smoothing,e781f9e08cda9e32034544b2f0d960ddfd776ab9
lecture-dp,smoothing_tax,9f8c37c0997605cfac52c3faa797c9b40723370c
lecture-dp,status,6b3e67a937a1741e4ca397b0355efcb8af446935
lecture-dp,tax_smoothing_1,fa7e60380679f0ff7e803b45acb57f5ca479cb14
lecture-dp,tax_smoothing_2,fb046a1724d09c4c2219e6c645c43435b4d37646
lecture-dp,tax_smoothing_3,c332bea96237a84f2531371b75df32892fe9050d
lecture-dp,un_insure,6843f5d7be110da87ed13ea923dc706b15e5550d
lecture-dp,zreferences,ec24a3e19c9e9da8e21cac3ff4717a9a92fd3095
lecture-python-advanced.myst,BCG_complete_mkts,03163c21fa5055dd66ba13b02c7089072bcc8ae8
lecture-python-advanced.myst,BCG_incomplete_mkts,c6a282bbde7eb826d7359307ceffeda434baf9a5
lecture-python-advanced.myst,additive_functionals,54b784c72422fe98b26103e67e9fef90bd010b87
lecture-python-advanced.myst,amss,b386729c3a8b33bc22ec0a94ef3ba115c0690469
lecture-python-advanced.myst,amss2,ef61b0dca25eaeaf8eba5f33bbd3bdff128d6528
lecture-python-advanced.myst,amss3,4a2b1a1aa3612a5610c9d0f7a0770a98b548ef27
lecture-python-advanced.myst,arellano,203e6cf2aa20a9fc3677f91b55747505a40779e7
lecture-python-advanced.myst,arma,1371d8bd7f2320303fcaac417859a6db15cab76c
lecture-python-advanced.myst,asset_pricing_lph,3e5cf262c8df8bc644064f4af7e142442d1a9a5a
lecture-python-advanced.myst,black_litterman,807c1ee926568eaaabb2c4fc7c4f69047b7bab65
lecture-python-advanced.myst,cagan_rational_expectations,45a49005036c6ab58edb44289b54778fd3864d91
lecture-python-advanced.myst,calvo,49d01b297f01a89bbb51e9eced7a8598afbae42a
lecture-python-advanced.myst,calvo_abreu,3d78bafc554f343f8d3dc00b0e1b0808b8786302
lecture-python-advanced.myst,calvo_machine_learn,ef41a369fb543274c178f3780abb6723a0caac8c
lecture-python-advanced.myst,cattle_cycles,fa83551911fbea8990da4fb101ca3e35251ca55c
lecture-python-advanced.myst,chang_credible,7d37c2a8df6c5ba00f9e60a1fef13af9497f30f7
lecture-python-advanced.myst,chang_ramsey,97571036408c7388a372246ba980430247cf7ea6
lecture-python-advanced.myst,classical_filtering,75267d9aed5e007e45a204e41b0dd3a60c3fb3d0
lecture-python-advanced.myst,coase,bc879271dfc5d26abdd883437c6f2c1b77d1afdd
lecture-python-advanced.myst,cons_news,56fbf746574ecb370360dbd8c2e95c74d01e7570
lecture-python-advanced.myst,discrete_dp,845cbaed0a389f806e95d7f951f6ce8126fa7f52
lecture-python-advanced.myst,doubts_or_variability,6f2c5624e0d5243be174e0d4e24dff3011be11f5
lecture-python-advanced.myst,dovis_accounting_mf,830594cedb1bfaca6aeaaf84613db5653d82083a
lecture-python-advanced.myst,dyn_stack,40aa128bc51d835e41f4906fdf8cb32c4b80cdb6
lecture-python-advanced.myst,entropy,81c6f7d7374fe64fe26486837fa1e1b1cc9e9216
lecture-python-advanced.myst,estspec,a11254215e4cd522a7774b3d62d02e2bcdbf4c2a
lecture-python-advanced.myst,five_preferences,2af863dac46744595fb3cb106634175ace148b57
lecture-python-advanced.myst,gorman_heterogeneous_households,431026d75a081a20a22ad9623ec2d61467d70d3f
lecture-python-advanced.myst,growth_in_dles,37984fe409b20ccf9b0437336778d13f5385a576
lecture-python-advanced.myst,hansen_jagannathan_1991,2987f38ef23d87a4e5caacca89a0a9c8b739b3b9
lecture-python-advanced.myst,hansen_richard_1987,ae956fe64feb1f2cf776ed3e21b0d046f7af1db4
lecture-python-advanced.myst,hs_invertibility_example,228e005dc2cf5b13c074a390c02642f06631381b
lecture-python-advanced.myst,hs_recursive_models,f1a2849773bd1c232dfddbbf2ccff29b08c68f46
lecture-python-advanced.myst,info_projection,4926ae8a99e0c4da94203a09df511a248553e858
lecture-python-advanced.myst,intro,9d2adf81dcc5c2b75b1efa723452b17796a032e3
lecture-python-advanced.myst,irfs_in_hall_model,8b4cd1fa9f2766747f97dad90f56db64ba384e0e
lecture-python-advanced.myst,knowing_forecasts_of_others,44879cd516ed7b6acb41b745e4ac2a4a8d85e6ee
lecture-python-advanced.myst,lqramsey,74705df385c8fadcc9ffdabe5978ac5504c980c5
lecture-python-advanced.myst,lu_tricks,602ba38829247b0964bb6a5d65b5852e5d0f0725
lecture-python-advanced.myst,lucas_asset_pricing_dles,355c535d3f8bf153e150b83da6bbd34e8e78fb15
lecture-python-advanced.myst,lucas_model,8c435918b2939d1f86578b62b6cd71b69458272c
lecture-python-advanced.myst,markov_jump_lq,92c27dccc44b4f2deb5bd680803848a371495592
lecture-python-advanced.myst,match_transport,852dea9d42ec1440cc5a3b0fb8ecd9a2821fd7cf
lecture-python-advanced.myst,matsuyama,7ab13ffdb9fdcfc661fefaa3dece5240b463dda3
lecture-python-advanced.myst,muth_kalman,b84220b69ef5318aba666a6e6138b42f7fba8a58
lecture-python-advanced.myst,opt_tax_recur,9f43db1ec04b22569a73ad3da2d793d392afc95e
lecture-python-advanced.myst,orth_proj,f9a882988902fe84f964eaf69265026bd6eef7f2
lecture-python-advanced.myst,permanent_income_dles,c8253e6608df7af7829a9c02cc421aace9c1ee79
lecture-python-advanced.myst,risk_aversion_or_mistaken_beliefs,949d2b0c6d27c2a350626bd8cea6ccfd2d121fcd
lecture-python-advanced.myst,rob_markov_perf,fcbf219a954549c9f6d7bec2df8e0dbdf501aabf
lecture-python-advanced.myst,robustness,86ed120ce288d751df807c5f06cc4090bffb81c3
lecture-python-advanced.myst,rosen_schooling_model,585744e1949fc267f259d1e93d28ec716627db43
lecture-python-advanced.myst,smoothing,e781f9e08cda9e32034544b2f0d960ddfd776ab9
lecture-python-advanced.myst,smoothing_tax,9f8c37c0997605cfac52c3faa797c9b40723370c
lecture-python-advanced.myst,stationary_densities,8f4e6cdeb63e1b4c3d4cafde3139a2a0b177e7b2
lecture-python-advanced.myst,status,3ada25f0238a6d5072ee6fa8f3e7816026e7d107
lecture-python-advanced.myst,tax_smoothing_1,fa7e60380679f0ff7e803b45acb57f5ca479cb14
lecture-python-advanced.myst,tax_smoothing_2,fb046a1724d09c4c2219e6c645c43435b4d37646
lecture-python-advanced.myst,tax_smoothing_3,c332bea96237a84f2531371b75df32892fe9050d
lecture-python-advanced.myst,troubleshooting,d1c03960eac33be92d125ef7c7a4036d0544c972
lecture-python-advanced.myst,un_insure,6843f5d7be110da87ed13ea923dc706b15e5550d
lecture-python-advanced.myst,zreferences,5f17e89227ef1cd3603b380a677f30f9bf080c08
lecture-python-intro,about,ac8c6f39136a23708f9a667612e8ec2566e093cc
lecture-python-intro,ar1_processes,786e22107a529bf091c02279a3738fc9094092fe
lecture-python-intro,business_cycle,81a2325ff96672291c2db1e14f463a73047a5993
lecture-python-intro,cagan_adaptive,d216a4869f26ae46092bb38ba58f97a461bdd5bd
lecture-python-intro,cagan_ree,b0467bd91da99c3836762c0d7ce8bac1e89bd67a
lecture-python-intro,cobweb,d1c393fcae3dd477a8f087978e2cc48950ede9d0
lecture-python-intro,commod_price,93654d18670a21767c85139b33325bd7ebe406e2
lecture-python-intro,complex_and_trig,bdeb2ec4ef275762a371776001e8104b88b337c1
lecture-python-intro,cons_smooth,9ecf7ee173f60da9f03fe31d8b3fa200d4297881
lecture-python-intro,eigen_I,46b93d5089d228689b5c90bd7d3125b15efd9aca
lecture-python-intro,eigen_II,c383d4fb85b8309958c5aae3e79658c2c0daf28b
lecture-python-intro,equalizing_difference,b9622c5b94af7d100e743964679934528b25e8bc
lecture-python-intro,french_rev,bbd8a961fb295454941456685101058d478908ac
lecture-python-intro,geom_series,44c08493af77a538ab9d15c344a0596ad56217db
lecture-python-intro,greek_square,ee34e1def544300ffb9a8517051345873832b580
lecture-python-intro,heavy_tails,e7c24a855863c018002e297d81719d4d958b68c6
lecture-python-intro,inequality,7a8475fa1a92e6da13d654d46d79a52696e01548
lecture-python-intro,inflation_history,de5191cff408fc00382c84ba5916404110517a5f
lecture-python-intro,input_output,04959b5e7e9be48a7dea26e2bfd5cea1faa85828
lecture-python-intro,intro,d0bfe9a5dc768971ac05d879f9e964b0a99a4f69
lecture-python-intro,intro_supply_demand,446cb8bac3d7d830052376af20a35382c211699e
lecture-python-intro,laffer_adaptive,69bed3ee1874cfc751b37be6daed4c4f21d891bc
lecture-python-intro,lake_model,7a02138b1a58401a37b73d8a77563ee022894135
lecture-python-intro,linear_equations,c674372148ac2bbe43c3b64e318362fb4bf29eeb
lecture-python-intro,lln_clt,81b68a55de3952f8840d4feac52a1c7272600d2d
lecture-python-intro,long_run_growth,da137f764262458e771362ace1a291fabcc92874
lecture-python-intro,lp_intro,522accd4f6a93c4813f051d55551541f31f31920
lecture-python-intro,markov_chains_I,bcd99f768295f1f8b78773efc38779e90f999862
lecture-python-intro,markov_chains_II,e6da714eab69ca3a1d7164f4637e5326d347af1c
lecture-python-intro,mle,8a15d6ac1b94b12076283e7a7fae86a7b6b21ea1
lecture-python-intro,money_inflation,7de54f547b0ab6cdf95ca62174fffb71e98adf90
lecture-python-intro,money_inflation_nonlinear,cc41f3ea140a56da2ffe3e18d2e9e5308812f71c
lecture-python-intro,monte_carlo,adede236295fb5a9cc030b19b59d1fda64a32fea
lecture-python-intro,networks,c26cb97d3fc0a70549278a59728f06e8bf84fe48
lecture-python-intro,olg,302fa44b5268fdb66f987c76340fbed90cabe875
lecture-python-intro,prob_dist,9889b919669af82e4eaabb3b4e8bf5a5d53ffdf1
lecture-python-intro,pv,02ca22076480f2c2eb8853e97a64fef26e37cf1d
lecture-python-intro,scalar_dynam,5926a3f6094fc894e232dfe40fa0a914752cf6e0
lecture-python-intro,schelling,f9f3c5a0506e30e0985dc352b42b4de7e4e8b9b3
lecture-python-intro,short_path,ce547ef17867aaaa496f76e143244e30a21d5983
lecture-python-intro,simple_linear_regression,ff8c32f83d17f53969fb9e280f8496e44949d154
lecture-python-intro,solow,80aa2924d7dddc440df679b1fc9f93dd778d7fcb
lecture-python-intro,status,3ada25f0238a6d5072ee6fa8f3e7816026e7d107
lecture-python-intro,supply_demand_heterogeneity,f862de322673e1409f829332bda0bd6ac88b3de3
lecture-python-intro,supply_demand_multiple_goods,5a010ceab0be59399e79d4d71471517a0c5edd4d
lecture-python-intro,tax_smooth,dbf7d2c355f035df75d657b0b2a630f988985607
lecture-python-intro,time_series_with_matrices,9817e1e189dfe8c337a277f68e8d1e52f0806d94
lecture-python-intro,troubleshooting,462301d83fff0717ad3fbe92cc29bfafc171785a
lecture-python-intro,unpleasant,d911590b22db011f097ec99f5bc3394a8f010157
lecture-python-intro,zreferences,5f17e89227ef1cd3603b380a677f30f9bf080c08
lecture-python-programming,about_py,e719c6b37fe2c48f77f728cd63ed3deac4a609af
lecture-python-programming,autodiff,843c8a8d8eab9e2b989218bb5e1c0b167464e3b7
lecture-python-programming,debugging,a935686622fc6383bf28d99ec6e913a177c89cea
lecture-python-programming,functions,cdc8805941cc5cb62ce736212fefe00c17748e6a
lecture-python-programming,getting_started,62a5c53c51d15d3e26957ec157575b557e40a3dd
lecture-python-programming,intro,440a2a1ba0f79a905ab931972db1dac493690d8b
lecture-python-programming,jax_intro,748f0eb32970d3f751eb51fa07681e1c8048895d
lecture-python-programming,matplotlib,4f860d224af06fedb2108437a1cff3fd0f5576d6
lecture-python-programming,names,3ce66b143c30532ea8351fc5675f3f00191e5d16
lecture-python-programming,need_for_speed,37bf97e38b33ec68cf2bff01a786229663e2970d
lecture-python-programming,numba,85ba3dddae76bc4da366c2f17cf4e1f8c3664af2
lecture-python-programming,numpy,653ca0fcbc7cd93fb55a775cb546956e7984f70f
lecture-python-programming,numpy_vs_numba_vs_jax,f45df63400eef003243c9ee48f4dd9324a8c65bf
lecture-python-programming,oop_intro,21787a1d2dd5c141ef7f523abc50a1fcc979e72b
lecture-python-programming,pandas,cec984bf1b7f1832f7fd4ea8b5f31df2d11ebe2b
lecture-python-programming,pandas_panel,8bb6b29e593e380642d80b1ab312544b37357f08
lecture-python-programming,python_advanced_features,daf3439891eddf75d876da88b8e28474236c9a61
lecture-python-programming,python_by_example,f89c87f5d599ae631696a3e271414d73ad2fa905
lecture-python-programming,python_essentials,ab8a4a8441ec6d722872f2f20e5a6ef4bda2e11c
lecture-python-programming,python_oop,14d4403ffdc25a8698da764db00116c6410c0349
lecture-python-programming,scipy,fec66033a1c5d7e30cd42d3e785623086a751f32
lecture-python-programming,status,2ec414c48821b28f9f2a478295f4f75dd433ed43
lecture-python-programming,sympy,a79c8d30b289bac691b40e05f0bf74007a7a8c3c
lecture-python-programming,troubleshooting,1cfa95f53f27019a7b991daea71b5c74ab2e4398
lecture-python-programming,workspace,71bd745c49c45cb2b8bbaa17406f6efe4202daad
lecture-python-programming,writing_good_code,ea6742159d0ae9cb118f36b215fb599e98a516de
lecture-python.myst,affine_risk_prices,b740f36c1c9fef305558a8d21f8514efc56e7212
lecture-python.myst,aiyagari,fe7bb37083d62d594baf4a014b7931bb022b74e8
lecture-python.myst,ak2,cdcf78c0b0635fa0d115725658b50ed22fd09843
lecture-python.myst,ak_aiyagari,7da69d4f91e0651c9dc005ab0081a547bb36ef50
lecture-python.myst,ar1_bayes,e553b38c85a67dbfdd66204ccb944f13e50cf635
lecture-python.myst,ar1_turningpts,1dfb0038b7247451f95fdd791185b7981b231716
lecture-python.myst,back_prop,82c04d537aa44cc6f40747ca10c63df184e5ff01
lecture-python.myst,bayes_nonconj,ab78d35b2676129b2ad76e0ff31ae0768b35ce1e
lecture-python.myst,blackwell_kihlstrom,65192a9ecfe1892148faa17ae846a7ce98acc659
lecture-python.myst,career,c8fed126871680b3a0fdce2383fd7ea15c3eefc5
lecture-python.myst,cass_fiscal,618549610d49d3e4c1616cc5a866e578593c902e
lecture-python.myst,cass_fiscal_2,2ff84230b9496588e4d40f0fe317ccb665c5e7c3
lecture-python.myst,cass_koopmans_1,30b9cbdb070b143532bb38b5967c9951ebde5177
lecture-python.myst,cass_koopmans_2,f416adfd9402ba407c4b373755fae18ca6f3c36c
lecture-python.myst,chow_business_cycles,245f0429151855bd53a0c283ce6ec81d291b1d17
lecture-python.myst,cross_product_trick,7824c6c3acc8652a67c20f382a1eb470391c2b4a
lecture-python.myst,divergence_measures,747b815b33acea3a358ec682bd7f591c9a014f39
lecture-python.myst,eig_circulant,270aa60460e165e5642be2fb2a9ce5421534a9dd
lecture-python.myst,endogenous_lake,526352cdb85599dcfa0b46a6036f831c9592fac9
lecture-python.myst,exchangeable,564cbb1cc2f4c627e1fc6592c68e02b56637a8a0
lecture-python.myst,finite_markov,314049fc99d33037b4d7174122ad249113479f0a
lecture-python.myst,ge_arrow,3886d6ad8cf5b2b6e629458f94242a67b01a0d2d
lecture-python.myst,hansen_singleton_1982,560cd5c4b0c08d3a6d39c27c9600fb5207270c45
lecture-python.myst,hansen_singleton_1983,ee70ff25bbba96aa17a4aa9c6f02ca764ecb4d3e
lecture-python.myst,harrison_kreps,03cc6d2698f38905bb0a1e03b92689a0a0780de7
lecture-python.myst,hoist_failure,32731b590e247a1db287a3aa31597808e35f312d
lecture-python.myst,house_auction,16c7a365e518427579faa39a9209c4abee3a5b63
lecture-python.myst,ifp_advanced,f6df09b2748f7be8b513bcf4482b04a53119335e
lecture-python.myst,ifp_discrete,f6d91bdaf3c94e855b7db8f9aa64d91e8d4d078a
lecture-python.myst,ifp_egm,cd3aff3d20c56a4488cf13874fd4994a82486907
lecture-python.myst,ifp_egm_transient_shocks,77f5c3690b009f9f279bb883448fbc7820ca7f44
lecture-python.myst,ifp_opi,d1e67328a81b619e5dc5b3575799c5277a1e6e4b
lecture-python.myst,imp_sample,09ae67576127d0e0cccc67504dcebb7a9b6e7ee1
lecture-python.myst,information_market_equilibrium,2fb1f9257766490129d00ee2168f55c03f318146
lecture-python.myst,intro,e8b4556a50d935e78be2cc0a763b776f295fbd25
lecture-python.myst,inventory_dynamics,a0af1dcbaee229cbb9b8ab05365ee5f511f396a6
lecture-python.myst,inventory_q,9095b572730446cb69fc9a088bb66180f825b0cd
lecture-python.myst,jv,bd41ece9dc4a672a4909a9d2a4fa5e356f179087
lecture-python.myst,kalman,3b80736f72541211d0b9405a967de820c6014ba3
lecture-python.myst,kalman_2,c1049dc368813dd14763a3e0d2c48206a73024be
lecture-python.myst,kesten_processes,1fe6e921be5392901db4321c3b7c9fcc94bcbbcf
lecture-python.myst,lagrangian_lqdp,4d80bb632bba257caf00693a4a78fa779cd7a099
lecture-python.myst,lake_model,f95925d2cca3408b7a3ea6da6bf07f3dcb118cb6
lecture-python.myst,likelihood_bayes,da81a560f1b952f963013aa3c9774300a6e3c362
lecture-python.myst,likelihood_ratio_process,0bdb94d02e4d92cb6f75f85fafc72d926d332ade
lecture-python.myst,likelihood_ratio_process_2,29b966e87f87642ea630003ed1536a81d5a67091
lecture-python.myst,likelihood_var,9f76cf2b0350464d23491e9825544e9c6c1daaa5
lecture-python.myst,linear_algebra,33f3dc53e5a058c4ab9d074cabc87be3d1f1ef9e
lecture-python.myst,linear_models,76420be29597f98a07f9d384d2eea08a8f3756cb
lecture-python.myst,lln_clt,81dd1e2abd9033d0b6953b406d916f39685b414d
lecture-python.myst,lq_inventories,e9b23aef9b8cd3372187f75aefef3b7dbd57d046
lecture-python.myst,lqcontrol,68edfe99b9193f782c101834f1d0d5289ac63f9f
lecture-python.myst,markov_asset,4421b37b45d53ff5714f897c5fa1c118d9a7c0fe
lecture-python.myst,markov_perf,fd5bcbf700b5252bd558a3f666a0e4b5699c031b
lecture-python.myst,mccall_fitted_vfi,34068d00bd5a647be850a6c945e6819e60eab657
lecture-python.myst,mccall_model,df0b2d8c2b23991ab2f13d606c76375cc9e1d0d4
lecture-python.myst,mccall_model_with_sep_markov,97df81e88579f2a654488143e203f1288eb1224c
lecture-python.myst,mccall_model_with_separation,fc39e1b5135551e27a8bedb94a7539562b024cf2
lecture-python.myst,mccall_persist_trans,9cf4b3dca2ef930ee4a8454c5f6437beb2a88a4a
lecture-python.myst,mccall_q,79950a097348a34faabeecc3327c161d0a70855d
lecture-python.myst,measurement_models,ea4133a819c646385b491f131cf5205971b05e6d
lecture-python.myst,merging_of_opinions,a8812675ed12419d5a9977a7765861387bcf9713
lecture-python.myst,misspecified_recovery,71a073a65634611e7e7f2e5bc80921df83ba92aa
lecture-python.myst,mix_model,cac49c608aae7d6bcf7144629dcd99b1c2602130
lecture-python.myst,mle,fe002e11675f315ac754f4c74c90d01460f8d3eb
lecture-python.myst,morris_learn,b41d81da401b10a15fe6b51baa09a4662730d5ff
lecture-python.myst,multi_hyper,c6919a189a7514036f41346faa40ee29ab275421
lecture-python.myst,multivariate_normal,96adcd6478e8e547da2d952677b39a6873fa1d4a
lecture-python.myst,navy_captain,a7df21c53aa8448186f82c085a3081e07f524059
lecture-python.myst,newton_method,1966b06f3267534739db66684a9b66d51950e9f0
lecture-python.myst,odu,f15c54fb91dfd76836a46fd381cd3a7362c392af
lecture-python.myst,ols,bb4cc68af3549b103c01f13fef11377bd85298fb
lecture-python.myst,opt_transport,9ce3215efc45722b60cbfc02a053e1ca15a26c6c
lecture-python.myst,organization_capital,f6aa4e46708edc7b5c9229a60cf79f9aa633d38a
lecture-python.myst,os,1902c6ac2fdb487ae93c48f541ff5a05f92aee57
lecture-python.myst,os_egm,f961cf4914771a4b7d0087bfce97ab54a62ef8a4
lecture-python.myst,os_egm_jax,ad4460ceb57bd52d38ffddc39e222478ca899efb
lecture-python.myst,os_numerical,b20769f1170610cb45ad88f62fd99325312424b5
lecture-python.myst,os_stochastic,204568e68d90f4b94ee02e88fbdb840aa47e68ff
lecture-python.myst,os_time_iter,f2205e78dbe6aa06b0934449a8863a7f4c503289
lecture-python.myst,pandas_panel,39c678478ba710364ce9489f6d79dc0c20160743
lecture-python.myst,perm_income,c88bb28ca01aa9c56d515f3b6541df6a2ce84a3f
lecture-python.myst,perm_income_cons,612d06308110a010a7670f6ec5021ce38936ff12
lecture-python.myst,prob_matrix,b29820c2016427d6e21ecf821cd2930cc24ed691
lecture-python.myst,prob_meaning,6b06cfb274b4d5ee9a1f17dd3c1e5475e2fc4f60
lecture-python.myst,qr_decomp,0d6314b5a713ebccfb2496d3286a51b6a01eae32
lecture-python.myst,rand_resp,1986812f234d0fd38f7d50782d4125a27e773304
lecture-python.myst,rational_expectations,eaade4f1439db7b93b1abac97c7517beafa8fac6
lecture-python.myst,re_with_feedback,da5a647dcb1806c51ea1ef91e2d580cc27bcfb0f
lecture-python.myst,ross_recovery,3f879d06970555acb7254692870f29a2d86d6e10
lecture-python.myst,rs_inventory_q,0a65a44c75b5a8dad5585fb0dead879ef6c63624
lecture-python.myst,samuelson,c39a01b0aeb3592ac91222998a9a58686b69064c
lecture-python.myst,sir_model,5b0c5305cb226081f19d8e9a8215e2ebe3d944a8
lecture-python.myst,stats_examples,8a1e5ccccb8ed0e34ca0b003f90f1ededbef29d7
lecture-python.myst,status,2ec414c48821b28f9f2a478295f4f75dd433ed43
lecture-python.myst,survival_recursive_preferences,8dfa5b673d60bf05713bc6788c1755912238dfee
lecture-python.myst,svd_intro,bf1d8fca8db35c13598dc22bf39692d9a0f84235
lecture-python.myst,theil_1,1af931bb9959ac7eaa096d8a7463d7ba93f66356
lecture-python.myst,theil_2,7c1dd2a3d3ba72948f794660b1e9f0719dad8921
lecture-python.myst,troubleshooting,6ca3a21059094e2eead3475b7a5f88398ee573e8
lecture-python.myst,two_auctions,a559906e8c2a62691e0e519a7b89ab647d5dd07c
lecture-python.myst,two_computation,38ec17088d53594b113d822c1219b4deb6785ac2
lecture-python.myst,uncertainty_traps,52aa5b4ddacd54120489cc264d03b144b63c9d60
lecture-python.myst,util_rand_resp,f6ac37f2cc1d1016887b25cd0b17958bb2355cc8
lecture-python.myst,var_dmd,ee8e8c2bd73ba9e852c55bf3e06ca4fb89815bef
lecture-python.myst,von_neumann_model,70c7afd9a4e86d86915e1487ec1b56277ed64ce5
lecture-python.myst,wald_friedman,75b341e325ecfb463d1a39dcd4bf5c68ac83ae91
lecture-python.myst,wald_friedman_2,075eb05890d3acc9195b6a9a4cfae3e330506bed
lecture-python.myst,wealth_dynamics,d3795e7fb21b7ecb574278c8d7455383e5d0b23e
lecture-python.myst,zreferences,5f17e89227ef1cd3603b380a677f30f9bf080c08
